Salad Server Set,18.70
Party Serviette Holder,11.95
Tea Set,39.95
Mixing Bowl Set,49.95
Knife Block Set,99.95
Coffee Capsule Holder,29.95
Plastic Sensor Soap Pump,79.95
Storage Bucket,24.95
Oven Glove,9.95
Apron,29.95
Biscuit Barrel,39.95
Chopping Board,12.95
Carioca Cups,54.95
Soup Bowls,43.00
Elevate Wood Turner,19.95
Pasta Machine,144.95
Teapot,29.95
Cake Pop Scoop,9.95
Cookbook Stand,29.95
Chocolate Station,34.95
Coffee Maker,29.00
Pepper Mill,84.94
Salt Mill,84.95
Glass Storage Jar,4.95
Measuring jug,19.95
Kitchen Scale,39.95
Tenderiser,34.95
Pizza Docker,19.95
Knife Sharpener,79.95
Steel Cork Opener,36.95
Steel Garlic Press,34.95
Steel Can Opener,36.95
Stainless Steel Crank Flour Sifter,33.95
Mineral Stone Mortar and Pestle,74.95
Citrus Cather,19.95
Cherry & Olive Pitter,27.95
Multi Grater-Detachable,26.95
Stainless Steel Colander,44.95
Steel Pizza Pan,12.95
Pop Container,22.95
